player_id,player,img_url,born,birth_place,height,role,bat_style,bowl_style
20002,Isabel van der Woning,/a/img/v1/152x152/i1/c182026/isabel-van-der-woning.jpg, -- , -- , -- , Bowling Allrounder , Right Handed Bat , Right-arm medium 
20006,Jasmine Naeem,/a/img/v1/152x152/i1/c182026/jasmine-naeem.jpg, -- , -- , -- , -- , Right Handed Bat , England 
20011,Toby Greatwood,/a/img/v1/152x152/i1/c182026/toby-greatwood.jpg," Oct 21, 2001 (20 years) "," High Wycombe, Buckinghamshire ", -- , -- , Right Handed Bat , Right-arm medium 
20012,Max Harris,/a/img/v1/152x152/i1/c182026/max-harris.jpg," Aug 17, 2001 (20 years) ", London , -- , -- , Right Handed Bat , Right-arm fast-medium 
20016,Ben Wells,/a/img/v1/152x152/i1/c182026/ben-wells.jpg," Jul 30, 2000 (21 years) "," Bath, Somerset, England ", -- , WK-Batsman , Right Handed Bat , Gloucestershire 
20017,Anna Harris,/a/img/v1/152x152/i1/c182026/anna-harris.jpg, -- , -- , -- , -- , Right Handed Bat , 
20022,Elizabeth Russell,/a/img/v1/152x152/i1/c182026/elizabeth-russell.jpg," May 22, 1994 (27 years) "," Solihull, Warwickshire ", -- , Bowler , Left Handed Bat , Right-arm medium 
20026,Toby Pettman,/a/img/v1/152x152/i1/c182026/toby-pettman.jpg," May 11, 1998 (23 years) "," Kingston, Thames ", -- , -- , Right Handed Bat , Right-arm medium 
20031,Sonny Baker,/a/img/v1/152x152/i1/c182026/sonny-baker.jpg," Mar 13, 2003 (18 years) "," Torbay, Devon ", -- , Bowler , Right Handed Bat , Right-arm fast-medium 
20036,Jacques Banton,/a/img/v1/152x152/i1/c182026/jacques-banton.jpg," Jul 06, 2001 (20 years) ", Perpignan , -- , -- , Right Handed Bat , Left-arm orthodox 
20037,Henry Cullen,/a/img/v1/152x152/i1/c182026/henry-cullen.jpg," Apr 29, 2003 (18 years) "," Redditch, Worcestershire ", -- , -- , Right Handed Bat , Worcestershire 
20041,Ben Parker,/a/img/v1/152x152/i1/c182026/ben-parker.jpg," Oct 02, 1996 (25 years) ", Ipswich , -- , -- , Right Handed Bat , Right-arm medium 
20042,Raheem Ahmed,/a/img/v1/152x152/i1/c182026/raheem-ahmed.jpg, -- , -- , -- , -- , Right Handed Bat , Leicestershire 
20046,Hamish Grant,/a/img/v1/152x152/i1/c182026/hamish-grant.jpg, -- , -- , -- , -- , Right Handed Bat , 
20047,Aidan Seaver,/a/img/v1/152x152/i1/c182026/aidan-seaver.jpg," May 15, 1976 (45 years) ", Dublin , -- , -- , Right Handed Bat , 
20052,Mitchell Wagstaff,/a/img/v1/152x152/i1/c182026/mitchell-wagstaff.jpg," Sep 02, 2003 (18 years) ", Derby , -- , -- , Left Handed Bat , Right-arm legbreak 
20057,Hannah Baker,/a/img/v1/152x152/i1/c182026/hannah-baker.jpg," Feb 03, 2004 (17 years) ", -- , -- , Bowler , Right Handed Bat , Right-arm legbreak 
20062,Jayaraman Gokulakrishnan,/a/img/v1/152x152/i1/c182026/jayaraman-gokulakrishnan.jpg," Jan 04, 1973 (48 years) "," Madras (now Chennai), Tamil Nadu ", -- , -- , Right Handed Bat , Right-arm medium 
20066,Sarah Bartlett,/a/img/v1/152x152/i1/c182026/sarah-bartlett.jpg," Dec 07, 1981 (39 years) "," Tottenham, London ", -- , -- , Right Handed Bat , 
20071,Jessica McFadyen,/a/img/v1/152x152/i1/c182026/jessica-mcfadyen.jpg," Oct 05, 1991 (30 years) ", Wellington , -- , WK-Batsman , Right Handed Bat , New Zealand Women 
20072,Taylor Cornall,/a/img/v1/152x152/i1/c182026/taylor-cornall.jpg," Oct 09, 1998 (23 years) "," Lytham St Anne's, Lancashire ", -- , -- , Left Handed Bat , Left-arm orthodox 
20076,Fateh Singh,/a/img/v1/152x152/i1/c182026/fateh-singh.jpg," Apr 20, 2004 (17 years) ", -- , -- , -- , Right Handed Bat , Nottinghamshire 
20081,Rachel Slater,/a/img/v1/152x152/i1/c182026/rachel-slater.jpg, -- , -- , -- , Bowler , Right Handed Bat , Northern Superchargers Women 
20086,James Sales,/a/img/v1/152x152/i1/c182026/james-sales.jpg," Feb 11, 2003 (18 years) ", Northampton , -- , Batting Allrounder , Right Handed Bat , Right-arm medium 
20087,Luke Benkenstein,/a/img/v1/152x152/i1/c182026/luke-benkenstein.jpg, -- , -- , -- , -- , Right Handed Bat , Right-arm legbreak 
20091,Yvonne Dolphin Cooper,/a/img/v1/152x152/i1/c182026/yvonne-dolphin-cooper.jpg," Aug 04, 1956 (65 years) ", -- , -- , -- , Right Handed Bat , 
20096,Sam King,/a/img/v1/152x152/i1/c182026/sam-king.jpg, -- , -- , -- , -- , Right Handed Bat , Right-arm medium 
20101,George Thomas,/a/img/v1/152x152/i1/c182026/george-thomas.jpg, -- , -- , -- , Bowling Allrounder , Right Handed Bat , Right-arm medium 
20106,Aphisara Suwanchonrathi,/a/img/v1/152x152/i1/c182026/aphisara-suwanchonrathi.jpg, -- , -- , -- , -- , Right Handed Bat , Thailand Women 
20111,Sunida Chaturongrattana,/a/img/v1/152x152/i1/c182026/sunida-chaturongrattana.jpg, -- , -- , -- , -- , Right Handed Bat , Thailand Women 
20112,Nyasha Gwanzura,/a/img/v1/152x152/i1/c182026/nyasha-gwanzura.jpg, -- , -- , -- , Batsman , Right Handed Bat , Zimbabwe Women 
20116,Mitchel Mavunga,/a/img/v1/152x152/i1/c182026/mitchel-mavunga.jpg, -- , -- , -- , Batsman , Right Handed Bat , Zimbabwe Women 
20117,Charis Scott,/a/img/v1/152x152/i1/c182026/charis-scott.jpg," May 14, 2002 (19 years) "," Galashiels, Selkirkshire ", -- , -- , Right Handed Bat , Right-arm offbreak 
20122,Marloes Braat,/a/img/v1/152x152/i1/c182026/marloes-braat.jpg," Apr 06, 1990 (31 years) "," Vlaardingen, The Netherlands ", -- , -- , Right Handed Bat , Right-arm medium 
20126,Stephanie Frohnmayer,/a/img/v1/152x152/i1/c182026/stephanie-frohnmayer.jpg," Aug 28, 1985 (36 years) ", Crawley , -- , -- , Right Handed Bat , Right-arm medium 
20131,Anna Healey,/a/img/v1/152x152/i1/c182026/anna-healey.jpg," Dec 06, 1995 (25 years) ", Maidstone , -- , -- , Right Handed Bat , Right-arm medium 
20136,Peris Wadenpohl,/a/img/v1/152x152/i1/c182026/peris-wadenpohl.jpg," Aug 20, 1987 (34 years) ", Nairobi , -- , -- , Right Handed Bat , Right-arm medium 
20141,Bianca Loch,/a/img/v1/152x152/i1/c182026/bianca-loch.jpg," May 05, 1988 (33 years) ", -- , -- , -- , Right Handed Bat , Right-arm medium 
20146,Gulsan Jha,/a/img/v1/152x152/i1/c182026/gulsan-jha.jpg, -- , -- , -- , Bowler , Left Handed Bat , Right-arm medium 
20151,Emmanuelle Breivet,/a/img/v1/152x152/i1/c182026/emmanuelle-breivet.jpg," Jun 03, 1986 (35 years) ", -- , -- , Batsman , Right Handed Bat , Right-arm legbreak 
20156,Jennifer King,/a/img/v1/152x152/i1/c182026/jennifer-king.jpg," Apr 29, 1986 (35 years) ", -- , -- , Batsman , Right Handed Bat , Right-arm medium 
20161,Cindy Breteche,/a/img/v1/152x152/i1/c182026/cindy-breteche.jpg," Apr 05, 1984 (37 years) ", -- , -- , Bowler , Right Handed Bat , Right-arm medium 
20166,Tara Britton,/a/img/v1/152x152/i1/c182026/tara-britton.jpg," Jun 03, 1992 (29 years) ", -- , -- , Batsman , Right Handed Bat , France Women 
20171,Alix Brodin,/a/img/v1/152x152/i1/c182026/alix-brodin.jpg," Mar 18, 1988 (33 years) ", -- , -- , Batsman , Left Handed Bat , Left-arm orthodox 
20176,Emma Chance,/a/img/v1/152x152/i1/c182026/emma-chance.jpg," May 31, 1995 (26 years) ", -- , -- , Bowler , Right Handed Bat , Right-arm medium 
20177,Thea Graham,/a/img/v1/152x152/i1/c182026/thea-graham.jpg," Feb 08, 1991 (30 years) ", -- , -- , Bowling Allrounder , Right Handed Bat , Right-arm medium 
20181,Magali Marchello,/a/img/v1/152x152/i1/c182026/magali-marchello.jpg, -- , -- , -- , -- , Right Handed Bat , France Women 
20186,Poppy McGeown,/a/img/v1/152x152/i1/c182026/poppy-mcgeown.jpg," Oct 08, 1991 (30 years) ", -- , -- , Bowling Allrounder , Right Handed Bat , Right-arm medium 
20191,Tracy Rodriguez,/a/img/v1/152x152/i1/c182026/tracy-rodriguez.jpg," Apr 04, 1991 (30 years) ", -- , -- , -- , Right Handed Bat , Right-arm medium 
20196,Marie Violleau,/a/img/v1/152x152/i1/c182026/marie-violleau.jpg," Oct 25, 1997 (23 years) ", -- , -- , Bowling Allrounder , Right Handed Bat , Right-arm offbreak 
20197,Irma Vrignaud,/a/img/v1/152x152/i1/c182026/irma-vrignaud.jpg," Sep 23, 1983 (38 years) ", -- , -- , Bowler , Right Handed Bat , France Women 
20202,Maelle Cargouet,/a/img/v1/152x152/i1/c182026/maelle-cargouet.jpg, -- , -- , -- , WK-Batsman , Right Handed Bat , France Women 
20207,Lara Aramas,/a/img/v1/152x152/i1/c182026/lara-aramas.jpg, -- , -- , -- , -- , Right Handed Bat , France Women 
20212,Adnan Khan,/a/img/v1/152x152/i1/c182026/adnan-khan.jpg," Apr 04, 1978 (43 years) ", -- , -- , Batsman , Right Handed Bat , 
20217,Sushant Modani,/a/img/v1/152x152/i1/c182026/sushant-modani.jpg, -- , -- , -- , Batsman , Right Handed Bat , Right-arm offbreak 
20222,Abhishek Paradkar,/a/img/v1/152x152/i1/c182026/abhishek-paradkar.jpg, -- , -- , -- , Batsman , Right Handed Bat , Right-arm medium 
20226,Dominique Rikhi,/a/img/v1/152x152/i1/c182026/dominique-rikhi.jpg, -- , -- , -- , Batting Allrounder , Right Handed Bat , Right-arm medium 
20231,Kauna Vagi,/a/img/v1/152x152/i1/c182026/kauna-vagi.jpg," May 06, 1976 (45 years) ", Papua New Guinea , -- , Bowler , Right Handed Bat , Right-arm legbreak 
20232,Jack Gardner,/a/img/v1/152x152/i1/c215783/jack-gardner.jpg," Dec 23, 2000 (20 years) ", -- , -- , Batsman , Right Handed Bat , Papua New Guinea 
20236,Tom Hinley,/a/img/v1/152x152/i1/c182026/tom-hinley.jpg," Feb 05, 2003 (18 years) "," Frimley, Surrey ", -- , Bowler , Left Handed Bat , Left-arm orthodox 
20241,Sanjay Krishnamurthi,/a/img/v1/152x152/i1/c182026/sanjay-krishnamurthi.jpg," Jun 02, 2003 (18 years) "," Corvallis, Oregon ", -- , Bowler , Right Handed Bat , Left-arm orthodox 
20244,Shoaib Khan,/a/img/v1/152x152/i1/c182026/shoaib-khan.jpg, -- , -- , -- , Batsman , Right Handed Bat , Right-arm medium 
20247,Pruthvikumar Macchi,/a/img/v1/152x152/i1/c182026/pruthvikumar-macchi.jpg," Jan 21, 1995 (26 years) "," Valsad, Gujarat ", -- , Bowler , Left Handed Bat , Left-arm orthodox 
20252,Samuel David Bates,/a/img/v1/152x152/i1/c182026/samuel-david-bates.jpg," Sep 14, 1999 (22 years) ", -- , -- , -- , Left Handed Bat , Leicestershire 
20257,Shane Dadswell,/a/img/v1/152x152/i1/c182026/shane-dadswell.jpg," Nov 18, 1997 (23 years) ", -- , -- , Batsman , Right Handed Bat , Right-arm offbreak 
20262,Louren Steenkamp,/a/img/v1/152x152/i1/c182026/louren-steenkamp.jpg," May 08, 1997 (24 years) ", -- , -- , Batting Allrounder , Right Handed Bat , Right-arm offbreak 
20267,Daniel Smith,/a/img/v1/152x152/i1/c182026/daniel-smith.jpg," Mar 19, 2002 (19 years) ", Cape Town , -- , WK-Batsman , Left Handed Bat , Left-arm medium 
20272,Jordan Woolf,/a/img/v1/152x152/i1/c182026/jordan-woolf.jpg," Feb 10, 2000 (21 years) ", -- , -- , Batting Allrounder , Right Handed Bat , Right-arm medium 
20273,Yves Kamanzi,/a/img/v1/152x152/i1/c182026/yves-kamanzi.jpg," May 19, 1999 (22 years) ", Durban , -- , Bowler , Left Handed Bat , Left-arm orthodox 
20278,Travis Ackerman,/a/img/v1/152x152/i1/c182026/travis-ackerman.jpg," May 08, 1999 (22 years) ", -- , -- , Batsman , Right Handed Bat , Right-arm medium 
20282,Hershell America,/a/img/v1/152x152/i1/c182026/hershell-america.jpg," Feb 17, 1994 (27 years) ", Oudtshoorn , -- , Bowling Allrounder , Right Handed Bat , Right-arm medium 
20283,Blayde Capell,/a/img/v1/152x152/i1/c182026/blayde-capell.jpg," Jun 03, 1997 (24 years) ", Pietermaritzburg , -- , WK-Batsman , Left Handed Bat , South Western Districts 
20287,Renaldo Meyer,/a/img/v1/152x152/i1/c182026/renaldo-meyer.jpg," Jun 30, 1994 (27 years) ", Cape Town , -- , Bowler , Left Handed Bat , Right-arm fast-medium 
20288,Sintu Majiza,/a/img/v1/152x152/i1/c182026/sintu-majiza.jpg, -- , -- , -- , Bowler , Right Handed Bat , Right-arm medium 
20293,Heath Richards,/a/img/v1/152x152/i1/c182026/heath-richards.jpg," Mar 01, 2001 (20 years) ", Knysna , -- , Bowler , Right Handed Bat , Right-arm fast 
20297,Jhedli van Briesies,/a/img/v1/152x152/i1/c182026/jhedli-van-briesies.jpg," Jul 15, 2001 (20 years) ", -- , -- , Bowler , Right Handed Bat , Right-arm offbreak 
20302,Regan Rhode,/a/img/v1/152x152/i1/c182026/regan-rhode.jpg, -- , -- , -- , Bowling Allrounder , Right Handed Bat , Right-arm medium 
20303,Ernest Kemm,/a/img/v1/152x152/i1/c182026/ernest-kemm.jpg," Nov 18, 1990 (30 years) "," Potchefstroom, Transvaal ", -- , Batting Allrounder , Left Handed Bat , Left-arm orthodox 
20308,Evan Jones,/a/img/v1/152x152/i1/c182026/evan-jones.jpg," Aug 05, 1996 (25 years) ", Pretoria , -- , Batsman , Right Handed Bat , Right-arm offbreak 
20312,Orapeleng Motlhoaring,/a/img/v1/152x152/i1/c182026/orapeleng-motlhoaring.jpg," Aug 23, 2001 (20 years) ", -- , -- , Batsman , Right Handed Bat , Right-arm medium 
20317,Johan van Dyk,/a/img/v1/152x152/i1/c182026/johan-van-dyk.jpg," Jan 23, 1989 (32 years) ", -- , -- , Bowler , Right Handed Bat , Right-arm fast-medium 
20322,Benjamin Van Rensburg,/a/img/v1/152x152/i1/c182026/benjamin-van-rensburg.jpg, -- , -- , -- , Bowler , Right Handed Bat , Right-arm medium 
20327,Hanu Viljoen,/a/img/v1/152x152/i1/c182026/hanu-viljoen.jpg," Jun 05, 2001 (20 years) ", -- , -- , WK-Batsman , Right Handed Bat , Northern Cape 
20328,Jerome Xaba,/a/img/v1/152x152/i1/c182026/jerome-xaba.jpg," Oct 12, 1995 (26 years) ", -- , -- , Bowler , Right Handed Bat , Right-arm medium 
20333,Zara Craig,/a/img/v1/152x152/i1/c182026/zara-craig.jpg, -- , -- , -- , Batsman , Right Handed Bat , Right-arm medium 
20338,Sarah Forbes,/a/img/v1/152x152/i1/c182026/sarah-forbes.jpg, -- , -- , -- , WK-Batsman , Right Handed Bat , Ireland Women 
20342,Jurie Sadler,/a/img/v1/152x152/i1/c182026/jurie-sadler.jpg," Aug 17, 1973 (48 years) ", Volksrust , -- , -- , Right Handed Bat , 
20347,Kashyap Prajapati,/a/img/v1/152x152/i1/c182026/kashyap-prajapati.jpg," Oct 11, 1995 (26 years) "," Kheda, Gujarat ", -- , Batsman , Right Handed Bat , Right-arm offbreak 
20348,Kurtlyn Mannikam,/a/img/v1/152x152/i1/c182026/kurtlyn-mannikam.jpg," Jan 19, 1996 (25 years) ", -- , -- , Batsman , Right Handed Bat , Right-arm offbreak 
20352,Thula Ngcobo,/a/img/v1/152x152/i1/c182026/thula-ngcobo.jpg," Feb 10, 1996 (25 years) ", -- , -- , Bowling Allrounder , Right Handed Bat , Right-arm medium 
20357,Cameron Shekleton,/a/img/v1/152x152/i1/c182026/cameron-shekleton.jpg," Jan 21, 2000 (21 years) ", -- , -- , WK-Batsman , Right Handed Bat , Tuskers 
20358,Nduduzo Mfoza,/a/img/v1/152x152/i1/c182026/nduduzo-mfoza.jpg," Mar 14, 1997 (24 years) ", -- , -- , Bowler , Right Handed Bat , Left-arm orthodox 
20362,Gareth Dukes,/a/img/v1/152x152/i1/c182026/gareth-dukes.jpg," Nov 09, 1992 (28 years) ", -- , -- , Bowler , Right Handed Bat , Right-arm fast-medium 
20367,Matthew Pollard,/a/img/v1/152x152/i1/c182026/matthew-pollard.jpg," May 16, 2000 (21 years) ", -- , -- , Bowler , Right Handed Bat , Right-arm offbreak 
20368,Dilivio Ridgaard,/a/img/v1/152x152/i1/c182026/dilivio-ridgaard.jpg," Nov 16, 1997 (23 years) ", -- , -- , Batsman , Left Handed Bat , Knights 
20372,Nealan van Heerden,/a/img/v1/152x152/i1/c182026/nealan-van-heerden.jpg," Jan 27, 1997 (24 years) ", -- , -- , Bowler , Left Handed Bat , Right-arm fast 
20377,Bonga Chepkonga,/a/img/v1/152x152/i1/c182026/bonga-chepkonga.jpg," Sep 26, 2000 (21 years) ", -- , -- , Bowler , Right Handed Bat , Right-arm medium 
20382,Jan Hendrik Pretorius,/a/img/v1/152x152/i1/c182026/jan-hendrik-pretorius.jpg," Nov 08, 1999 (21 years) ", -- , -- , WK-Batsman , Right Handed Bat , Titans 
20387,Jarred Alder,/a/img/v1/152x152/i1/c182026/jarred-alder.jpg," Jul 14, 1998 (23 years) ", -- , -- , Batsman , Right Handed Bat , Mpumalanga Rhinos 
20392,Jon Hinrichsen,/a/img/v1/152x152/i1/c182026/jon-hinrichsen.jpg," Mar 17, 1999 (22 years) ", -- , -- , Bowler , Right Handed Bat , Right-arm fast-medium 
20397,Kyle Klesse,/a/img/v1/152x152/i1/c182026/kyle-klesse.jpg, -- , -- , -- , Batsman , Right Handed Bat , Mpumalanga Rhinos 
20398,Alexander Kok,/a/img/v1/152x152/i1/c182026/alexander-kok.jpg," May 24, 1998 (23 years) ", Van der Bijl Park , -- , Batsman , Right Handed Bat , Right-arm offbreak 
20402,Brian Koto,/a/img/v1/152x152/i1/c182026/brian-koto.jpg," Nov 19, 1994 (26 years) "," Pretoria, Gauteng ", -- , Batting Allrounder , Right Handed Bat , Right-arm medium 
20407,Akhulile Mkhatu,/a/img/v1/152x152/i1/c182026/akhulile-mkhatu.jpg, -- , -- , -- , Bowler , Right Handed Bat , Right-arm medium 
20412,Liam Peters,/a/img/v1/152x152/i1/c182026/liam-peters.jpg," Jan 24, 1997 (24 years) ", -- , -- , Batsman , Left Handed Bat , Right-arm medium 
20413,Blake Schraader,/a/img/v1/152x152/i1/c182026/blake-schraader.jpg," Jun 08, 1994 (27 years) ", Springs , -- , Bowling Allrounder , Left Handed Bat , Right-arm offbreak 
20417,Bamanye Xenxe,/a/img/v1/152x152/i1/c182026/bamanye-xenxe.jpg," May 25, 1997 (24 years) ", -- , -- , Bowler , Right Handed Bat , Right-arm fast 
20418,Jerome Bossr,/a/img/v1/152x152/i1/c182026/jerome-bossr.jpg," Sep 22, 1998 (23 years) ", -- , -- , WK-Batsman , Left Handed Bat , Left-arm medium 
20423,Phaphama Fojela,/a/img/v1/152x152/i1/c182026/phaphama-fojela.jpg," Aug 28, 1984 (37 years) ", King Williams Town , -- , Bowler , Right Handed Bat , Right-arm fast-medium 
20427,Bongolwethu Makeleni,/a/img/v1/152x152/i1/c182026/bongolwethu-makeleni.jpg," Feb 05, 1994 (27 years) "," Healdtown, Eastern Cape ", -- , Bowler , Left Handed Bat , Eastern Cape 
20428,Nqabayomzi Peter,/a/img/v1/152x152/i1/c182026/nqabayomzi-peter.jpg," Sep 12, 2002 (19 years) ", -- , -- , Bowler , Right Handed Bat , Right-arm legbreak 
20432,Gideon Peters,/a/img/v1/152x152/i1/c182026/gideon-peters.jpg, -- , -- , -- , Bowler , Right Handed Bat , Eastern Cape 
20437,Joshua van Heerden,/a/img/v1/152x152/i1/c182026/joshua-van-heerden.jpg," Jun 26, 1998 (23 years) ", Pretoria , -- , Batsman , Right Handed Bat , Eastern Cape 
20442,Khanya Dilima,/a/img/v1/152x152/i1/c182026/khanya-dilima.jpg," Apr 30, 1999 (22 years) ", -- , -- , Batsman , Right Handed Bat , Right-arm medium 
20443,Sinalo Gobeni,/a/img/v1/152x152/i1/c182026/sinalo-gobeni.jpg, -- , -- , -- , Batsman , Left Handed Bat , Rocks 
20448,Kyle Jacobs,/a/img/v1/152x152/i1/c182026/kyle-jacobs.jpg," Apr 20, 1998 (23 years) ", -- , -- , Batsman , Right Handed Bat , Right-arm legbreak 
20452,Alindile Mhletwya,/a/img/v1/152x152/i1/c182026/alindile-mhletwya.jpg, -- , -- , -- , Bowler , Right Handed Bat , Right-arm medium 
20453,Thomas Hobson,/a/img/v1/152x152/i1/c182026/thomas-hobson.jpg," May 18, 1994 (27 years) ", -- , -- , Bowling Allrounder , Right Handed Bat , Right-arm medium 
20458,Ludwig Kaestner,/a/img/v1/152x152/i1/c182026/ludwig-kaestner.jpg," Jun 19, 2000 (21 years) ", -- , -- , Batsman , Right Handed Bat , Right-arm medium 
20462,Nyiko Shikwambana,/a/img/v1/152x152/i1/c182026/nyiko-shikwambana.jpg," Dec 05, 1997 (23 years) ", -- , -- , WK-Batsman , Right Handed Bat , Right-arm medium 
20467,Amir Sohil Bux,/a/img/v1/152x152/i1/c182026/amir-sohil-bux.jpg," Jul 16, 1995 (26 years) ", -- , -- , Batsman , Right Handed Bat , Limpopo 
20472,Juandre Scheepers,/a/img/v1/152x152/i1/c182026/juandre-scheepers.jpg," May 05, 2000 (21 years) ", -- , -- , Batsman , Left Handed Bat , Left-arm fast-medium 
20477,Ntokozo Mahlaba,/a/img/v1/152x152/i1/c182026/ntokozo-mahlaba.jpg," Dec 11, 1999 (21 years) ", -- , -- , Bowling Allrounder , Right Handed Bat , Right-arm legbreak 
20482,Sahil Patel,/a/img/v1/152x152/i1/c182026/sahil-patel.jpg," Nov 10, 1997 (23 years) ", -- , -- , Bowler , Right Handed Bat , Right-arm legbreak 
20487,Thami Rapelego,/a/img/v1/152x152/i1/c182026/thami-rapelego.jpg," Dec 25, 1992 (28 years) "," Johannesburg, Transvaal ", -- , Bowler , Right Handed Bat , Right-arm fast-medium 
20492,Khaif Patel,/a/img/v1/152x152/i1/c182026/khaif-patel.jpg," May 14, 2003 (18 years) ", -- , -- , Bowling Allrounder , Right Handed Bat , Right-arm legbreak 
20497,Don Radebe,/a/img/v1/152x152/i1/c182026/don-radebe.jpg," Feb 09, 1997 (24 years) ", -- , -- , Bowler , Right Handed Bat , Right-arm fast-medium 
20502,Atwel Mokgolobotho,/a/img/v1/152x152/i1/c182026/atwel-mokgolobotho.jpg, -- , -- , -- , Bowler , Right Handed Bat , Limpopo 
20503,Morne Venter,/a/img/v1/152x152/i1/c182026/morne-venter.jpg," Jan 10, 1998 (23 years) ", Polokwane , -- , Bowling Allrounder , Right Handed Bat , Right-arm fast 
20508,Godwin Von Willingh,/a/img/v1/152x152/i1/c182026/godwin-von-willingh.jpg," Apr 06, 1977 (44 years) "," Stellenbosch, Cape Province ", -- , Batsman , Right Handed Bat , 
20512,Marlon Jansen,/a/img/v1/152x152/i1/c182026/marlon-jansen.jpg," May 16, 1980 (41 years) "," Bloemfontein, Free State ", -- , -- , Right Handed Bat , 
20513,Akif Raja,/a/img/v1/152x152/i1/c182026/akif-raja.jpg," Nov 24, 1992 (28 years) "," Lahore, Punjab ", -- , Bowler , Left Handed Bat , Right-arm fast-medium 
20518,Bradley Porteous,/a/img/v1/152x152/i1/c182026/bradley-porteous.jpg," Jul 28, 1998 (23 years) ", -- , -- , Batsman , Right Handed Bat , Right-arm medium 
20521,AR Srinivasan,/a/img/v1/152x152/i1/c182026/ar-srinivasan.jpg," Jan 22, 1962 (59 years) "," Bangalore, India ", -- , -- , Right Handed Bat , 
20526,Caleb Seleka,/a/img/v1/152x152/i1/c182026/caleb-seleka.jpg," Nov 22, 2002 (18 years) ", Welkom , -- , Bowler , Right Handed Bat , Right-arm medium 
20528,Christopher Britz,/a/img/v1/152x152/i1/c182026/christopher-britz.jpg," Dec 01, 1998 (22 years) ", Benoni , -- , Batsman , Right Handed Bat , North West 
20531,Eben Botha,/a/img/v1/152x152/i1/c182026/eben-botha.jpg," Apr 26, 1999 (22 years) ", -- , -- , Batsman , Left Handed Bat , Right-arm offbreak 
20536,Taheer Isaacs,/a/img/v1/152x152/i1/c182026/taheer-isaacs.jpg, -- , -- , -- , WK-Batsman , Right Handed Bat , North West 
20538,Dewald Brevis,/a/img/v1/152x152/i1/c182026/dewald-brevis.jpg," Apr 29, 2003 (18 years) ", Johannesburg , -- , Batsman , Right Handed Bat , Right-arm legbreak 
20541,Ethan John Cunningham,/a/img/v1/152x152/i1/c182026/ethan-john-cunningham.jpg," Jul 28, 2003 (18 years) ", -- , -- , Batsman , Right Handed Bat , Right-arm medium 
20546,George Van Heerden,/a/img/v1/152x152/i1/c182026/george-van-heerden.jpg," Sep 11, 2003 (18 years) ", -- , -- , Batsman , Right Handed Bat , Right-arm medium 
20551,Hardus Coetzer,/a/img/v1/152x152/i1/c182026/hardus-coetzer.jpg, -- , -- , -- , Batsman , Right Handed Bat , Right-arm medium 
20556,Jade Smith,/a/img/v1/152x152/i1/c182026/jade-smith.jpg," Feb 03, 2003 (18 years) ", Port Elizabeth , -- , Batsman , Right Handed Bat , South Africa U19 
20561,Valintine Kitime,/a/img/v1/152x152/i1/c182026/valintine-kitime.jpg," Apr 19, 2003 (18 years) ", Potchefstroom , -- , Batsman , Right Handed Bat , Right-arm medium 
20563,Joshua Stephenson,/a/img/v1/152x152/i1/c182026/joshua-stephenson.jpg," Sep 21, 2003 (18 years) ", Port Elizabeth , -- , Bowling Allrounder , Right Handed Bat , Right-arm fast 
20566,Liam Alder,/a/img/v1/152x152/i1/c182026/liam-alder.jpg," Oct 07, 2003 (18 years) ", Sedibeng , -- , Bowling Allrounder , Right Handed Bat , Left-arm orthodox 
20571,GJ Maree,/a/img/v1/152x152/i1/c182026/gj-maree.jpg," Dec 01, 2003 (17 years) ", Pretoria , -- , WK-Batsman , Right Handed Bat , South Africa U19 
20576,Kaden Solomon,/a/img/v1/152x152/i1/c182026/kaden-solomon.jpg, -- , -- , -- , WK-Batsman , Right Handed Bat , South Africa U19 
20578,Aphiwe Mnyanda,/a/img/v1/152x152/i1/c182026/aphiwe-mnyanda.jpg, -- , -- , -- , Bowler , Right Handed Bat , Left-arm fast-medium 
20583,Asakhe Tsaka,/a/img/v1/152x152/i1/c182026/asakhe-tsaka.jpg, -- , -- , -- , Bowler , Right Handed Bat , Right-arm fast-medium 
20586,Jesse Prodehl,/a/img/v1/152x152/i1/c182026/jesse-prodehl.jpg, -- , -- , -- , Bowler , Right Handed Bat , Left-arm orthodox 
20591,Jurie Snyman,/a/img/v1/152x152/i1/c182026/jurie-snyman.jpg," Feb 20, 1995 (26 years) ", -- , -- , Batsman , Left Handed Bat , Right-arm offbreak 
20596,Thulani Tembela,/a/img/v1/152x152/i1/c182026/thulani-tembela.jpg," Aug 22, 2000 (21 years) ", -- , -- , Batsman , Right Handed Bat , Right-arm offbreak 
20601,Wesley Coulentianos,/a/img/v1/152x152/i1/c182026/wesley-coulentianos.jpg," Jan 14, 1994 (27 years) ", Boksburg , -- , Batsman , Left Handed Bat , Left-arm medium 
20606,Armand Erasmus,/a/img/v1/152x152/i1/c182026/armand-erasmus.jpg," Jun 19, 1992 (29 years) ", Brakpan , -- , Bowling Allrounder , Right Handed Bat , Right-arm medium 
20608,Nathan Steyn,/a/img/v1/152x152/i1/c182026/nathan-steyn.jpg," May 21, 2003 (18 years) ", Springs , -- , Bowling Allrounder , Right Handed Bat , Right-arm fast 
20611,Danie Rossouw,/a/img/v1/152x152/i1/c182026/danie-rossouw.jpg," May 16, 1995 (26 years) ", -- , -- , WK-Batsman , Right Handed Bat , Eastern Storm 
20616,Devon Botha,/a/img/v1/152x152/i1/c182026/devon-botha.jpg," Jun 29, 1998 (23 years) ", -- , -- , Bowler , Right Handed Bat , Right-arm fast 
20621,Sinenhlanhla Zwane,/a/img/v1/152x152/i1/c182026/sinenhlanhla-zwane.jpg," Jul 22, 2000 (21 years) "," Wattville, Benoni ", -- , Bowler , Right Handed Bat , Right-arm fast-medium 
20623,Tumelo Simelane,/a/img/v1/152x152/i1/c182026/tumelo-simelane.jpg," Jul 10, 1995 (26 years) ", -- , -- , Bowler , Left Handed Bat , Right-arm offbreak 
20628,Tumelo Tlhokwe,/a/img/v1/152x152/i1/c182026/tumelo-tlhokwe.jpg," Aug 24, 1994 (27 years) ", Soweto , -- , Bowler , Right Handed Bat , Right-arm offbreak 
20631,Rhys McKenna,/a/img/v1/152x152/i1/c182026/rhys-mckenna.jpg, -- , -- , -- , Bowler , Right Handed Bat , Right-arm fast-medium 
20633,Amy Louise Edgar,/a/img/v1/152x152/i1/c182026/amy-louise-edgar.jpg," Dec 27, 1997 (23 years) ", -- , -- , Batsman , Right Handed Bat , Right-arm medium 
20636,Bongani Ntshebe,/a/img/v1/152x152/i1/c182026/bongani-ntshebe.jpg," Sep 24, 1971 (50 years) ", King William's Town , -- , -- , Right Handed Bat , 
20641,Ram Mohan,/a/img/v1/152x152/i1/c182026/ram-mohan.jpg," May 02, 1971 (50 years) ", Kolkata , -- , -- , Right Handed Bat , 
20646,Matilda Lugg,/a/img/v1/152x152/i1/c182026/matilda-lugg.jpg," Nov 12, 1999 (21 years) "," Moruya, New South Wales ", -- , WK-Batsman , Right Handed Bat , Right-arm medium 
20651,Jade Allen,/a/img/v1/152x152/i1/c182026/jade-allen.jpg," Nov 13, 2003 (17 years) ", -- , -- , Bowler , Right Handed Bat , Right-arm legbreak 
20656,Jessica Davidson,/a/img/v1/152x152/i1/c182026/jessica-davidson.jpg," May 03, 2003 (18 years) ", -- , -- , Bowler , Right Handed Bat , Right-arm fast 
20658,Meagan Dixon,/a/img/v1/152x152/i1/c182026/meagan-dixon.jpg," Apr 23, 1997 (24 years) "," Mount Isa, Queensland ", -- , Bowler , Right Handed Bat , Right-arm medium 
20661,Angelina Genford,/a/img/v1/152x152/i1/c182026/angelina-genford.jpg, -- , -- , -- , Bowler , Right Handed Bat , Right-arm fast-medium 
20663,Ruth Johnston,/a/img/v1/152x152/i1/c182026/ruth-johnston.jpg," Feb 28, 2003 (18 years) ", -- , -- , Batsman , Right Handed Bat , Right-arm medium 
20666,Poppy Gardner,/a/img/v1/152x152/i1/c182026/poppy-gardner.jpg," Jan 05, 2005 (16 years) ", -- , -- , Bowler , Right Handed Bat , Left-arm medium 
20671,Percival Sizara,/a/img/v1/152x152/i1/c182026/percival-sizara.jpg," Nov 24, 1988 (32 years) ", Harare , -- , Batsman , Right Handed Bat , Right-arm medium 
20676,Myrtle Maclagan,/a/img/v1/152x152/i1/c182026/myrtle-maclagan.jpg," Apr 02, 1911 (110 years) ", Bath , -- , Batting Allrounder , Right Handed Bat , Right-arm offbreak 
20681,Mary Allitt ,/a/img/v1/152x152/i1/c182026/mary-allitt.jpg," Nov 01, 1925 "," Dec 10, 2013 (88 years) "," Deniliquin, New South Wales ", -- , Batsman , Right Handed Bat 
20683,Nell Massey,/a/img/v1/152x152/i1/c182026/nell-massey.jpg," Feb 21, 1938 (83 years) "," Mount Barker, Western Australia ", -- , WK-Batsman , Right Handed Bat , Australia 
20686,Ruth Dow,/a/img/v1/152x152/i1/c182026/ruth-dow.jpg," Jun 28, 1926 (95 years) "," Ouyen, Victoria ", -- , Batting Allrounder , Right Handed Bat , Right-arm medium 
20691,Cecilia Robinson,/a/img/v1/152x152/i1/c182026/cecilia-robinson.jpg," May 22, 1924 (97 years) ", Kent , -- , Batsman , Right Handed Bat , England 
20693,Molly Hide,/a/img/v1/152x152/i1/c182026/molly-hide.jpg," Oct 24, 1913 (107 years) "," Shanghai, China ", -- , Batting Allrounder , Right Handed Bat , Right-arm fast-medium 
20696,Hazel Pritchard,/a/img/v1/152x152/i1/c182026/hazel-pritchard.jpg," Dec 23, 1913 "," Nov 03, 1967 (53 years) "," Sydney, New South Wales ", -- , Batsman , Right Handed Bat 
20701,Mary Spry,/a/img/v1/152x152/i1/c182026/mary-spry.jpg," Aug 09, 1922 (99 years) ", Birkenhead , -- , -- , Right Handed Bat , England 
20706,Hazel Sanders,/a/img/v1/152x152/i1/c182026/hazel-sanders.jpg," Jul 16, 1926 (95 years) "," Croydon, Surrey ", -- , Batsman , Right Handed Bat , England 
20711,Mary Duggan,/a/img/v1/152x152/i1/c182026/mary-duggan.jpg," Nov 07, 1925 (95 years) ", -- , -- , Batting Allrounder , Right Handed Bat , Left-arm orthodox 
20716,Barbara Murrey,/a/img/v1/152x152/i1/c182026/barbara-murrey.jpg," May 19, 1924 (97 years) "," Epsom, Surrey ", -- , -- , Right Handed Bat , England 
20721,Betty Birch,/a/img/v1/152x152/i1/c182026/betty-birch.jpg," Sep 12, 1923 (98 years) "," Fulham, London ", -- , Batsman , Right Handed Bat , England 
20723,Ruby Monaghan,/a/img/v1/152x152/i1/c182026/ruby-monaghan.jpg," May 24, 1916 "," Jun 10, 2012 (96 years) "," Coniston, New South Wales ", -- , Batsman , Right Handed Bat 
20726,Grace Morgan,/a/img/v1/152x152/i1/c182026/grace-morgan.jpg," May 05, 1909 (112 years) "," Richmond-upon-Thames, Surrey ", -- , Batsman , Right Handed Bat , England 
20728,Mary Johnson,/a/img/v1/152x152/i1/c182026/mary-johnson.jpg," Nov 07, 1924 (96 years) "," Hull, Yorkshire ", -- , Bowler , Right Handed Bat , England 
20731,Nell McLarty,/a/img/v1/152x152/i1/c182026/nell-mclarty.jpg," Jan 05, 1912 "," Dec 26, 1998 (86 years) "," North Fremantle, Western Australia ", -- , Bowling Allrounder , Right Handed Bat 
20736,Dorothy McEvoy,/a/img/v1/152x152/i1/c182026/dorothy-mcevoy.jpg," Jul 30, 1910 (111 years) "," Liverpool, Lancashire ", -- , Bowler , Right Handed Bat , Right-arm fast-medium 
20738,Joan Schmidt,/a/img/v1/152x152/i1/c182026/joan-schmidt.jpg," Jan 24, 1920 (101 years) "," Maroona, Victori ", -- , Batsman , Left Handed Bat , Australia 
20741,Amy Hudson,/a/img/v1/152x152/i1/c182026/amy-hudson.jpg," Feb 05, 1916 (105 years) "," Sydney, New South Wales ", -- , Batting Allrounder , Right Handed Bat , Right-arm legbreak 
20746,Molly Dive,/a/img/v1/152x152/i1/c182026/molly-dive.jpg," Jun 26, 1913 (108 years) "," Five Dock, New South Wales ", -- , Batsman , Right Handed Bat , Australia 
20751,Una Paisley,/a/img/v1/152x152/i1/c182026/una-paisley.jpg," Nov 18, 1922 (98 years) "," Kew, Melbourne, Victoria ", -- , Batsman , Right Handed Bat , Right-arm offbreak 
20753,Valma Batty,/a/img/v1/152x152/i1/c182026/valma-batty.jpg," Sep 23, 1928 (93 years) "," Port Melbourne, Victoria ", -- , Batsman , Right Handed Bat , Australia 
20758,Betty Wilson,/a/img/v1/152x152/i1/c182026/betty-wilson.jpg," Nov 21, 1921 (99 years) "," Melbourne, Victoria ", -- , Batsman , Right Handed Bat , Right-arm offbreak 
20761,Lorna Larter,/a/img/v1/152x152/i1/c182026/lorna-larter.jpg," Nov 28, 1923 (97 years) "," Hawthorn, Melbourne, Victoria ", -- , WK-Batsman , Right Handed Bat , Australia 
20763,Norma Whiteman,/a/img/v1/152x152/i1/c182026/norma-whiteman.jpg," Dec 28, 1927 (93 years) "," Bathurst, New South Wales ", -- , Batting Allrounder , Right Handed Bat , Right-arm fast 
20768,June James,/a/img/v1/152x152/i1/c182026/june-james.jpg," Apr 22, 1925 (96 years) "," South Perth, Western Australia ", -- , Batting Allrounder , Right Handed Bat , Right-arm fast-medium 
20771,Mavis Jones,/a/img/v1/152x152/i1/c182026/mavis-jones.jpg," Dec 10, 1922 (98 years) "," Melbourne, Victoria ", -- , Batting Allrounder , Right Handed Bat , Right-arm fast-medium 
20773,Winifred Leech,/a/img/v1/152x152/i1/c182026/winifred-leech.jpg," Aug 05, 1920 (101 years) "," Tooting, London ", -- , -- , Right Handed Bat , England 
20778,Wilkie Wilkinson,/a/img/v1/152x152/i1/c182026/wilkie-wilkinson.jpg, -- , -- , -- , Batsman , Right Handed Bat , Right-arm legbreak 
20781,Margaret Lockwood,/a/img/v1/152x152/i1/c182026/margaret-lockwood.jpg," Mar 28, 1911 (110 years) "," Huddersfield, Yorkshire ", -- , Batsman , Right Handed Bat , England 
20783,Annie Geeves,/a/img/v1/152x152/i1/c182026/annie-geeves.jpg," Nov 04, 1914 (106 years) "," Mansfield, Nottinghamshire ", -- , Batsman , Right Handed Bat , England 
20786,Kit Raymond,/a/img/v1/152x152/i1/c182026/kit-raymond.jpg, -- ," Winton, Queensland ", -- , WK-Batsman , Right Handed Bat , Australia 
20791,Barbara Orchard,/a/img/v1/152x152/i1/c182026/barbara-orchard.jpg," Aug 14, 1930 (91 years) "," Adelaide, South Australia ", -- , Batsman , Right Handed Bat , Right-arm medium 
20793,Joyce Christ,/a/img/v1/152x152/i1/c182026/joyce-christ.jpg," Mar 07, 1921 (100 years) "," Waverley, Sydney, New South Wales ", -- , Bowling Allrounder , Right Handed Bat , Right-arm fast-medium 
20798,Eileen Massey,/a/img/v1/152x152/i1/c182026/eileen-massey.jpg," Dec 28, 1935 (85 years) "," Albany, Western Australia ", -- , Bowling Allrounder , Right Handed Bat , Right-arm medium 
20803,Val Slater,/a/img/v1/152x152/i1/c182026/val-slater.jpg," Jan 16, 1933 (88 years) "," Norman Park, Queensland ", -- , Batting Allrounder , Left Handed Bat , Right-arm offbreak 
20808,Joyce Bath,/a/img/v1/152x152/i1/c182026/joyce-bath.jpg," Feb 27, 1925 (96 years) "," Kangaroo Flat, Victoria ", -- , Batting Allrounder , Right Handed Bat , Right-arm offbreak 
20811,Joyce Powell,/a/img/v1/152x152/i1/c182026/joyce-powell.jpg," May 25, 1922 (99 years) ", -- , -- , WK-Batsman , Right Handed Bat , New Zealand 
20816,Jean Stonell,/a/img/v1/152x152/i1/c182026/jean-stonell.jpg, -- , -- , -- , Batsman , Right Handed Bat , New Zealand 
20821,Verna Coutts,/a/img/v1/152x152/i1/c182026/verna-coutts.jpg, -- , -- , -- , Batsman , Right Handed Bat , New Zealand 
20826,Mary Webb,/a/img/v1/152x152/i1/c182026/mary-webb.jpg, -- , -- , -- , Batsman , Right Handed Bat , Right-arm offbreak 
20828,Rona McKenzie,/a/img/v1/152x152/i1/c182026/rona-mckenzie.jpg," Aug 20, 1922 (99 years) ", -- , -- , WK-Batsman , Right Handed Bat , Right-arm medium 
20831,Phyl Blackler,/a/img/v1/152x152/i1/c182026/phyl-blackler.jpg, -- , -- , -- , Batsman , Right Handed Bat , Right-arm legbreak 
20836,Jean Coulston,/a/img/v1/152x152/i1/c182026/jean-coulston.jpg," Oct 08, 1934 (87 years) ", Petone , -- , Batting Allrounder , Left Handed Bat , Right-arm fast-medium 
20838,Gwen Sutherland,/a/img/v1/152x152/i1/c182026/gwen-sutherland.jpg, -- , -- , -- , -- , Right Handed Bat , New Zealand 
20843,Betty Thorner,/a/img/v1/152x152/i1/c182026/betty-thorner.jpg, -- , -- , -- , Bowler , Right Handed Bat , New Zealand 
20848,Mary Rouse,/a/img/v1/152x152/i1/c182026/mary-rouse.jpg," Jan 11, 1926 (95 years) ", -- , -- , Bowler , Right Handed Bat , New Zealand 
20853,Brenda Duncan,/a/img/v1/152x152/i1/c182026/brenda-duncan.jpg, -- , -- , -- , Bowler , Right Handed Bat , New Zealand 
20861,Claire Terblanche,/a/img/v1/152x152/i1/c182026/claire-terblanche.jpg," Oct 20, 1984 (37 years) ", Port Elizabeth , -- , Batting Allrounder , Right Handed Bat , Right-arm offbreak 
20866,Johmari Logtenberg,/a/img/v1/152x152/i1/c182026/johmari-logtenberg.jpg," Feb 22, 1989 (32 years) ", Vanderbijl Park , -- , Batting Allrounder , Right Handed Bat , Right-arm medium 
20871,Caroline Atkins,/a/img/v1/152x152/i1/c182026/caroline-atkins.jpg," Jan 13, 1981 (40 years) "," Burgess Hill, Sussex ", -- , Batsman , Right Handed Bat , England Women 
20876,Isa Guha,/a/img/v1/152x152/i1/c182026/isa-guha.jpg," May 21, 1985 (36 years) "," High Wycombe, Buckinghamshire ", -- , Bowler , Right Handed Bat , Right-arm fast-medium 
20878,Alicia Smith,/a/img/v1/152x152/i1/c182026/alicia-smith.jpg," Mar 13, 1984 (37 years) ", Cape Town , -- , Bowling Allrounder , Right Handed Bat , Right-arm fast-medium 
20883,Beth Morgan,/a/img/v1/152x152/i1/c182026/beth-morgan.jpg," Sep 27, 1981 (40 years) "," Harrow, Middlesex ", -- , Bowling Allrounder , Right Handed Bat , Right-arm fast-medium 
20886,Ashlyn Kilowan,/a/img/v1/152x152/i1/c182026/ashlyn-kilowan.jpg," Dec 19, 1982 (38 years) ", Paarl , -- , Bowler , Left Handed Bat , Left-arm medium 
20888,Leonie Hoitink,/a/img/v1/152x152/i1/c182026/leonie-hoitink.jpg," Jan 20, 1973 (48 years) ", Enschede , -- , Batsman , Right Handed Bat , Right-arm medium 
20893,Ebony Jewel,/a/img/v1/152x152/i1/c182026/ebony-jewel.jpg," Dec 31, 1983 (37 years) "," Lambeth, London ", -- , Batting Allrounder , Right Handed Bat , Right-arm fast-medium 
20896,Violet Wattenberg,/a/img/v1/152x152/i1/c182026/violet-wattenberg.jpg," Dec 05, 1978 (42 years) "," Goa, India ", -- , WK-Batsman , Right Handed Bat , Netherlands Women 
20901,Nicky Shaw,/a/img/v1/152x152/i1/c182026/nicky-shaw.jpg," Dec 30, 1981 (39 years) "," Nuneaton, Warwickshire ", -- , Bowling Allrounder , Right Handed Bat , Right-arm fast-medium 
20903,Helmien Rambaldo,/a/img/v1/152x152/i1/c182026/helmien-rambaldo.jpg," Nov 13, 1980 (40 years) ", Den Haag , -- , Batsman , Right Handed Bat , Right-arm medium 
20908,Claire Taylor,/a/img/v1/152x152/i1/c182026/claire-taylor.jpg," Sep 25, 1975 (46 years) "," Amersham, Buckinghamshire ", -- , WK-Batsman , Right Handed Bat , England Women 
20911,Maartje Koster,/a/img/v1/152x152/i1/c182026/maartje-koster.jpg," Mar 03, 1975 (46 years) ", Utrecht , -- , Batting Allrounder , Right Handed Bat , Right-arm medium 
20916,Marijn Nijman,/a/img/v1/152x152/i1/c182026/marijn-nijman.jpg," Aug 27, 1985 (36 years) ", Holland , -- , Bowling Allrounder , Right Handed Bat , Right-arm fast-medium 
20918,Annemarie Tanke,/a/img/v1/152x152/i1/c182026/annemarie-tanke.jpg, -- ," February 27, 1978 ", -- , Bowler , Right Handed Bat , Right-arm legbreak 
20923,Mandy Kornet,/a/img/v1/152x152/i1/c182026/mandy-kornet.jpg," Feb 03, 1985 (36 years) ", Rotterdam , -- , Bowler , Right Handed Bat , Right-arm fast-medium 
20928,Lotte Egging,/a/img/v1/152x152/i1/c182026/lotte-egging.jpg," Jun 08, 1988 (33 years) ", Holland , -- , Bowler , Right Handed Bat , Right-arm fast-medium 
20933,Jolet Hartenhof,/a/img/v1/152x152/i1/c182026/jolet-hartenhof.jpg," Sep 23, 1979 (42 years) "," S Gravenhage, Netherlands ", -- , Bowler , Right Handed Bat , Right-arm fast-medium 
20936,Sarah Andrews,/a/img/v1/152x152/i1/c182026/sarah-andrews.jpg," Dec 26, 1981 (39 years) "," Moruya, New South Wales ", -- , Bowler , Right Handed Bat , Right-arm fast-medium 
20938,Kirsten Pike,/a/img/v1/152x152/i1/c182026/kirsten-pike.jpg," Nov 12, 1984 (36 years) "," Brisbane, Queensland ", -- , Bowler , Right Handed Bat , Right-arm fast-medium 
20941,Leah Poulton,/a/img/v1/152x152/i1/c182026/leah-poulton.jpg," Feb 27, 1984 (37 years) "," Newcastle, New South Wales ", -- , Batsman , Right Handed Bat , Right-arm legbreak 
20946,Karen Rolton,/a/img/v1/152x152/i1/c182026/karen-rolton.jpg," Nov 21, 1974 (46 years) "," Adelaide, South Australia ", -- , Batting Allrounder , Left Handed Bat , Left-arm medium 
20948,Laura Newton,/a/img/v1/152x152/i1/c182026/laura-newton.jpg," Nov 27, 1977 (43 years) "," Congleton, Cheshire ", -- , Batting Allrounder , Right Handed Bat , Right-arm medium 
20953,Rosalie Birch,/a/img/v1/152x152/i1/c182026/rosalie-birch.jpg," Dec 06, 1983 (37 years) ", -- , -- , Batting Allrounder , Right Handed Bat , Right-arm offbreak 
20956,Laura Harper,/a/img/v1/152x152/i1/c182026/laura-harper.jpg," Jan 22, 1984 (37 years) "," Plymouth, Devon ", -- , Bowling Allrounder , Right Handed Bat , Right-arm offbreak 
20961,Monica Sumra,/a/img/v1/152x152/i1/c182026/monica-sumra.jpg," Oct 14, 1980 (41 years) ", Vidharba , -- , Batsman , Right Handed Bat , Right-arm legbreak 
20963,Jaya Sharma,/a/img/v1/152x152/i1/c182026/jaya-sharma.jpg," Sep 17, 1980 (41 years) "," Ghaziabad, Uttar Pradesh ", -- , Batsman , Left Handed Bat , Right-arm offbreak 
20966,Anjum Chopra,/a/img/v1/152x152/i1/c182026/anjum-chopra.jpg," May 20, 1977 (44 years) ", New Delhi , -- , Batting Allrounder , Left Handed Bat , Right-arm medium 
20968,Arundhati Kirkire,/a/img/v1/152x152/i1/c182026/arundhati-kirkire.jpg," May 31, 1980 (41 years) "," Indore, Madhya Pradesh ", -- , WK-Batsman , Right Handed Bat , India 
20971,Varsha Raffel,/a/img/v1/152x152/i1/c182026/varsha-raffel.jpg," Mar 20, 1975 (46 years) "," Gorakhpur, Uttar Pradesh ", -- , Bowling Allrounder , Right Handed Bat , Right-arm offbreak 
20973,Neetu David,/a/img/v1/152x152/i1/c182026/neetu-david.jpg," Sep 01, 1977 (44 years) "," Kanpur, Uttar Pradesh ", -- , Bowler , Right Handed Bat , Left-arm orthodox 
20978,Jane Smit,/a/img/v1/152x152/i1/c182026/jane-smit.jpg," Dec 24, 1972 (48 years) "," Ilkeston, Derbyshire ", -- , WK-Batsman , Right Handed Bat ," England, England Women "
20981,Jo Watts,/a/img/v1/152x152/i1/c182026/jo-watts.jpg," May 18, 1987 (34 years) "," Maidstone, Kent ", -- , Bowler , Right Handed Bat , Right-arm offbreak 
20986,Asha Rawat,/a/img/v1/152x152/i1/c182026/asha-rawat.jpg," Feb 16, 1982 (39 years) ", Dehli , -- , Batting Allrounder , Right Handed Bat , Right-arm offbreak 
20991,Daleen Terblanche,/a/img/v1/152x152/i1/c182026/daleen-terblanche.jpg," Oct 19, 1969 (52 years) "," Pretoria, Transvaal ", -- , WK-Batsman , Right Handed Bat , South Africa Women 
20996,Sunetra Paranjpe,/a/img/v1/152x152/i1/c182026/sunetra-paranjpe.jpg," May 09, 1980 (41 years) ", Bombay , -- , Batting Allrounder , Right Handed Bat , Right-arm medium 
20998,Nooshin Al Khadeer,/a/img/v1/152x152/i1/c182026/nooshin-al-khadeer.jpg," Feb 13, 1981 (40 years) "," Gulbarga, Karnataka ", -- , Bowler , Right Handed Bat , Right-arm offbreak 
21001,Melissa Bulow,/a/img/v1/152x152/i1/c182026/melissa-bulow.jpg," Jun 13, 1980 (41 years) "," Ipswich, Queensland ", -- , Batsman , Right Handed Bat ," Australia, Australia Women "
21003,Kate Blackwell,/a/img/v1/152x152/i1/c182026/kate-blackwell.jpg," Aug 31, 1983 (38 years) "," Wagga Wagga, New South Wales ", -- , Batting Allrounder , Right Handed Bat , Right-arm medium 
21006,Michelle Goszko,/a/img/v1/152x152/i1/c182026/michelle-goszko.jpg," Oct 07, 1977 (44 years) "," Blacktown, New South Wales ", -- , Bowling Allrounder , Right Handed Bat , Right-arm medium 
21011,Cathryn Fitzpatrick,/a/img/v1/152x152/i1/c182026/cathryn-fitzpatrick.jpg," Mar 04, 1968 (53 years) "," Melbourne, Victoria ", -- , Bowling Allrounder , Right Handed Bat , Left-arm fast-medium 
21013,Julie Hayes,/a/img/v1/152x152/i1/c182026/julie-hayes.jpg," May 02, 1973 (48 years) "," Ryde, Sydney, New South Wales ", -- , Batting Allrounder , Right Handed Bat , Right-arm medium 
21018,Clea Smith,/a/img/v1/152x152/i1/c182026/clea-smith.jpg," Jan 06, 1979 (42 years) "," Melbourne, Victoria ", -- , Bowler , Right Handed Bat , Right-arm medium 
21023,Annelie Minny,/a/img/v1/152x152/i1/c182026/annelie-minny.jpg," Nov 15, 1986 (34 years) "," Kimberley, Cape Province ", -- , Bowler , Right Handed Bat , Right-arm offbreak 
21028,Lonell de Beer,/a/img/v1/152x152/i1/c182026/lonell-de-beer.jpg," Jun 12, 1980 (41 years) ", Pretoria , -- , Bowler , Right Handed Bat , Right-arm legbreak 
21033,Cheraldine Oudolf,/a/img/v1/152x152/i1/c182026/cheraldine-oudolf.jpg," May 04, 1980 (41 years) ", Haarlem , -- , Batsman , Right Handed Bat , Right-arm fast-medium 
21036,Jacqueline Pashley,/a/img/v1/152x152/i1/c182026/jacqueline-pashley.jpg," May 25, 1979 (42 years) "," Alphen a.d. Rijn, The Netherlands ", -- , WK-Batsman , Right Handed Bat , Netherlands Women 
21041,Denise Prins,/a/img/v1/152x152/i1/c182026/denise-prins.jpg," Feb 22, 1983 (38 years) "," Schiedam, The Netherlands ", -- , Batsman , Right Handed Bat , Netherlands Women 
21046,Carlijn de Groot,/a/img/v1/152x152/i1/c182026/carlijn-de-groot.jpg," Sep 10, 1986 (35 years) ", Netherlands , -- , Batsman , Right Handed Bat , Right-arm medium 
21051,Hemlata Kala,/a/img/v1/152x152/i1/c182026/hemlata-kala.jpg," Aug 15, 1975 (46 years) "," Agra, Uttar Pradesh ", -- , Batting Allrounder , Right Handed Bat , Right-arm medium 
21053,Preeti Dimri,/a/img/v1/152x152/i1/c182026/preeti-dimri.jpg," Oct 18, 1986 (35 years) "," Agra, Uttar Pradesh ", -- , Bowler , Left Handed Bat , Left-arm orthodox 
21058,Nidhi Buley,/a/img/v1/152x152/i1/c182026/nidhi-buley.jpg," Aug 14, 1986 (35 years) "," Indore, Madhya Pradesh ", -- , Bowler , Left Handed Bat , Left-arm medium 
21063,Claire Moore,/a/img/v1/152x152/i1/c182026/claire-moore.jpg, -- , -- , -- , Batsman , Right Handed Bat , Sydney Sixers Women 
21066,Lynsey Askew,/a/img/v1/152x152/i1/c182026/lynsey-askew.jpg," Sep 03, 1986 (35 years) "," Bromley, Kent ", -- , Bowler , Right Handed Bat , Right-arm medium 
21071,Ghulam Ahmadi,/a/img/v1/152x152/i1/c182026/ghulam-ahmadi.jpg," Apr 26, 1997 (24 years) ", -- , -- , Bowler , Right Handed Bat , Right-arm offbreak 
21076,Dylan Blignaut,/a/img/v1/152x152/i1/c182026/dylan-blignaut.jpg," Apr 08, 1995 (26 years) ", -- , -- , Batsman , Right Handed Bat , Right-arm medium 
21081,Daniel Birrell,/a/img/v1/152x152/i1/c182026/daniel-birrell.jpg," Apr 04, 2000 (21 years) ", -- , -- , Bowler , Right Handed Bat , Right-arm fast-medium 
21086,Charlie Brennan,/a/img/v1/152x152/i1/c182026/charlie-brennan.jpg," Sep 23, 2005 (16 years) ", -- , -- , Batsman , Right Handed Bat , Right-arm fast-medium 
21091,Asa Tribe,/a/img/v1/152x152/i1/c182026/asa-tribe.jpg," Mar 29, 2004 (17 years) ", -- , -- , Batting Allrounder , Right Handed Bat , Right-arm offbreak 
21096,Zak Tribe,/a/img/v1/152x152/i1/c182026/zak-tribe.jpg," Aug 16, 2001 (20 years) ", -- , -- , Batsman , Right Handed Bat , Right-arm legbreak 
21098,Darren Low,/a/img/v1/152x152/i1/c182026/darren-low.jpg, -- , -- , -- , Batsman , Right Handed Bat , Right-arm medium 
21103,Dinidu Marage,/a/img/v1/152x152/i1/c182026/dinidu-marage.jpg," Sep 24, 1981 (40 years) ", Colombo , -- , Batsman , Right Handed Bat , Right-arm legbreak 
21106,Nikolai Smith,/a/img/v1/152x152/i1/c182026/nikolai-smith.jpg," Jan 05, 1993 (28 years) ", -- , -- , Bowling Allrounder , Right Handed Bat , Right-arm medium 
21111,Amir Sharif,/a/img/v1/152x152/i1/c182026/amir-sharif.jpg," Jun 08, 1992 (29 years) ", -- , -- , Batsman , Right Handed Bat , Right-arm fast-medium 
21116,Bilal Aftab,/a/img/v1/152x152/i1/c182026/bilal-aftab.jpg," May 09, 2003 (18 years) ", Copenhagen , -- , Batting Allrounder , Right Handed Bat , Right-arm fast-medium 
21118,Surya Anand,/a/img/v1/152x152/i1/c182026/surya-anand.jpg," Feb 13, 1998 (23 years) ", -- , -- , Bowler , Right Handed Bat , Right-arm medium 
21123,Absar Khan,/a/img/v1/152x152/i1/c182026/absar-khan.jpg," Feb 12, 1986 (35 years) ", -- , -- , Bowler , Right Handed Bat , Right-arm fast-medium 
21128,Shakerullah Safi,/a/img/v1/152x152/i1/c182026/shakerullah-safi.jpg," Dec 11, 2005 (15 years) ", Copenhagen , -- , Bowling Allrounder , Right Handed Bat , Right-arm legbreak 
21133,Faisal Mubashir,/a/img/v1/152x152/i1/c182026/faisal-mubashir.jpg," Sep 29, 1986 (35 years) "," Karachi, Sind ", -- , Batsman , Right Handed Bat , Right-arm offbreak 
21138,Damith Kosala,/a/img/v1/152x152/i1/c182026/damith-kosala.jpg," Nov 01, 2001 (19 years) ", -- , -- , Bowler , Left Handed Bat , Left-arm orthodox 
21141,Fayaz Nasseri,/a/img/v1/152x152/i1/c182026/fayaz-nasseri.jpg," Mar 15, 1997 (24 years) ", -- , -- , Bowler , Right Handed Bat , Right-arm medium 
21146,Graham McCrea,/a/img/v1/152x152/i1/c182026/graham-mccrea.jpg," Nov 29, 1966 (54 years) "," Magheramason, Bready, Londonderry ", -- , -- , Right Handed Bat , 
21148,Ellie Johnston,/a/img/v1/152x152/i1/c182026/ellie-johnston.jpg," Jan 29, 2003 (18 years) ", -- , -- , Bowling Allrounder , Right Handed Bat , Right-arm legbreak 
21149,Suminda Lakshan,/a/img/v1/152x152/i1/c182026/suminda-lakshan.jpg," Apr 07, 1997 (24 years) ", Colombo , -- , Batting Allrounder , Right Handed Bat , Right-arm legbreak 
21151,Chamika Gunasekara,/a/img/v1/152x152/i1/c182026/chamika-gunasekara.jpg," Nov 25, 1999 (21 years) ", Colombo , -- , Bowler , Right Handed Bat , Right-arm fast-medium 
21153,Salman Khan jnr,/a/img/v1/152x152/i1/c182026/salman-khan-jnr.jpg," Mar 04, 2000 (21 years) ", Peshawar , -- , WK-Batsman , Right Handed Bat , Pakistan A 
21158,Nonkhululeko Thabethe,/a/img/v1/152x152/i1/c182026/nonkhululeko-thabethe.jpg," Sep 01, 1992 (29 years) "," Johannesburg, Transvaal ", -- , Bowler , Right Handed Bat , Right-arm medium 
21161,Leonie Coleman,/a/img/v1/152x152/i1/c182026/leonie-coleman.jpg," Feb 05, 1979 (42 years) "," Tamworth, New South Wales ", -- , WK-Batsman , Right Handed Bat , Australia Women 
21163,Emma Sampson,/a/img/v1/152x152/i1/c182026/emma-sampson.jpg," Jul 29, 1985 (36 years) ", South Australia , -- , -- , Right Handed Bat , Right-arm fast-medium 
21166,Stephanie Davies,/a/img/v1/152x152/i1/c182026/stephanie-davies.jpg," Oct 21, 1987 (34 years) "," Aberdare, Glamorgan, Wales ", -- , -- , Right Handed Bat , Right-arm fast-medium 
21168,Charlie Russell,/a/img/v1/152x152/i1/c182026/charlie-russell.jpg," Feb 04, 1988 (33 years) "," Brighton, Sussex ", -- , -- , Right Handed Bat , Right-arm offbreak 
21173,Amar Sharma,/a/img/v1/152x152/i1/c182026/amar-sharma.jpg," Oct 12, 1978 (43 years) ", -- , -- , Bowler , Right Handed Bat , Right-arm offbreak 
21176,Waseem Abbas,/a/img/v1/152x152/i1/c182026/waseem-abbas.jpg," Apr 01, 1990 (31 years) ", -- , -- , Bowler , Right Handed Bat , Right-arm fast-medium 
21181,Gopal Chaturvedi,/a/img/v1/152x152/i1/c182026/gopal-chaturvedi.jpg," Apr 01, 1984 (37 years) ", -- , -- , Batsman , Right Handed Bat , Right-arm offbreak 
21183,Basil George,/a/img/v1/152x152/i1/c182026/basil-george.jpg," Mar 11, 1998 (23 years) ", -- , -- , Batsman , Right Handed Bat , Right-arm fast-medium 
21188,Heinrich Gericke,/a/img/v1/152x152/i1/c182026/heinrich-gericke.jpg," Aug 17, 1979 (42 years) ", -- , -- , WK-Batsman , Right Handed Bat , Malta 
21193,Zeeshan Khan,/a/img/v1/152x152/i1/c182026/zeeshan-khan.jpg," Mar 03, 1989 (32 years) ", -- , -- , Batsman , Right Handed Bat , Right-arm legbreak 
21196,Kalki Kumar,/a/img/v1/152x152/i1/c182026/kalki-kumar.jpg," Mar 24, 1991 (30 years) ", -- , -- , Bowler , Right Handed Bat , Right-arm offbreak 
21198,Zoheb Malek,/a/img/v1/152x152/i1/c182026/zoheb-malek.jpg, -- , -- , -- , Batsman , Right Handed Bat , Malta 
21203,Bilal Muhammad,/a/img/v1/152x152/i1/c182026/bilal-muhammad.jpg," Apr 10, 1998 (23 years) ", -- , -- , Bowling Allrounder , Right Handed Bat , Left-arm medium 
21206,Fazil Rahman,/a/img/v1/152x152/i1/c182026/fazil-rahman.jpg, -- , Marsa , -- , Bowler , Right Handed Bat , Right-arm medium 
21211,Samuel Stanislaus,/a/img/v1/152x152/i1/c182026/samuel-stanislaus.jpg," Dec 05, 1980 (40 years) ", -- , -- , Batsman , Right Handed Bat , Right-arm offbreak 
21216,Varun Thamotharam,/a/img/v1/152x152/i1/c182026/varun-thamotharam.jpg," Nov 12, 1988 (32 years) ", -- , -- , Bowling Allrounder , Left Handed Bat , Left-arm fast-medium 
21221,Jojo Thomas,/a/img/v1/152x152/i1/c182026/jojo-thomas.jpg," May 26, 1990 (31 years) ", -- , -- , Bowler , Right Handed Bat , Right-arm offbreak 
21226,Deon Vosloo,/a/img/v1/152x152/i1/c182026/deon-vosloo.jpg," Nov 26, 0198 (1823 years) ", -- , -- , Bowler , Right Handed Bat , Right-arm legbreak 
21231,Louis Bruce,/a/img/v1/152x152/i1/c182026/louis-bruce.jpg," Jun 25, 2005 (16 years) ", -- , -- , Batsman , Right Handed Bat , Right-arm medium 
21236,Richard Cunningham,/a/img/v1/152x152/i1/c182026/richard-cunningham.jpg," Feb 11, 1970 (51 years) ", -- , -- , Batsman , Right Handed Bat , Right-arm offbreak 
21241,Kieron Ferrary,/a/img/v1/152x152/i1/c182026/kieron-ferrary.jpg," Jun 08, 1989 (32 years) ", Gibraltar , -- , WK-Batsman , Right Handed Bat , Right-arm offbreak 
21246,Charles Harrison,/a/img/v1/152x152/i1/c182026/charles-harrison.jpg," Dec 29, 1983 (37 years) ", -- , -- , Bowler , Left Handed Bat , Left-arm orthodox 
21251,Patrick Hatchman,/a/img/v1/152x152/i1/c182026/patrick-hatchman.jpg," Dec 25, 1993 (27 years) ", -- , -- , Batting Allrounder , Right Handed Bat , Right-arm medium 
21253,Joseph Marples,/a/img/v1/152x152/i1/c182026/joseph-marples.jpg," Jul 30, 1991 (30 years) ", -- , -- , WK-Batsman , Right Handed Bat , Gibraltar 
21256,Morgan Peters,/a/img/v1/152x152/i1/c182026/morgan-peters.jpg, -- , -- , -- , Batsman , Right Handed Bat , Gibraltar 
21261,Philip Raikes,/a/img/v1/152x152/i1/c182026/philip-raikes.jpg," Apr 20, 1990 (31 years) ", Gibraltar , -- , Batsman , Right Handed Bat , Gibraltar 
21266,Andrwe Reyes,/a/img/v1/152x152/i1/c182026/andrwe-reyes.jpg," Mar 07, 1984 (37 years) ", Gibraltar , -- , Bowler , Right Handed Bat , Right-arm medium 
21271,Dave Robeson,/a/img/v1/152x152/i1/c182026/dave-robeson.jpg," Jun 17, 1976 (45 years) ", -- , -- , Batsman , Right Handed Bat , Gibraltar 
21273,Joe Wilson,/a/img/v1/152x152/i1/c182026/joe-wilson.jpg, -- , -- , -- , Bowler , Right Handed Bat , Right-arm medium 
21276,Aaftab Alam Khan,/a/img/v1/152x152/i1/c182026/aaftab-alam-khan.jpg," Jan 31, 1986 (35 years) ", -- , -- , WK-Batsman , Right Handed Bat , Right-arm medium 
21278,Belinda Clark,/a/img/v1/152x152/i1/c182026/belinda-clark.jpg," Sep 10, 1970 (51 years) "," Newcastle, New South Wales ", -- , -- , Right Handed Bat , Right-arm offbreak 
21281,Mel Jones,/a/img/v1/152x152/i1/c182026/mel-jones.jpg," Aug 11, 1972 (49 years) "," Barnstaple, Devon ", -- , -- , Right Handed Bat , Right-arm medium 
21286,Julia Price,/a/img/v1/152x152/i1/c182026/julia-price.jpg," Jan 11, 1972 (49 years) "," Sydney, New South Wales ", -- , WK-Batsman , Right Handed Bat , Australia Women 
21291,Terry McGregor,/a/img/v1/152x152/i1/c182026/terry-mcgregor.jpg," Jul 05, 1977 (44 years) "," Sydney, New South Wales ", -- , -- , Right Handed Bat , Right-arm fast-medium 
21293,Emma Liddell,/a/img/v1/152x152/i1/c182026/emma-liddell.jpg," Mar 30, 1980 (41 years) "," Sydney, New South Wales ", -- , -- , Right Handed Bat , Left-arm medium 
21296,Kathryn Leng,/a/img/v1/152x152/i1/c182026/kathryn-leng.jpg," Sep 28, 1973 (48 years) "," Pudsey, Yorkshire ", -- , -- , Left Handed Bat , Right-arm legbreak 
21301,Lucy Pearson,/a/img/v1/152x152/i1/c182026/lucy-pearson.jpg," Feb 19, 1972 (49 years) "," King's Lynn, Norfolk ", -- , -- , Right Handed Bat , Left-arm fast-medium 
21303,Clare Connor,/a/img/v1/152x152/i1/c182026/clare-connor.jpg," Sep 01, 1976 (45 years) "," Brighton, Sussex ", -- , -- , Right Handed Bat , England Women 
21306,Sarah Collyer,/a/img/v1/152x152/i1/c182026/sarah-collyer.jpg," Oct 03, 1980 (41 years) "," Birkenhead, Cheshire ", -- , -- , Right Handed Bat , Right-arm medium 
21308,Clare Taylor,/a/img/v1/152x152/i1/c182026/clare-taylor.jpg," May 22, 1965 (56 years) "," Huddersfield, Yorkshire ", -- , -- , Right Handed Bat , Right-arm medium 
21311,Ella Wilson,/a/img/v1/152x152/i1/c182026/ella-wilson.jpg, -- , -- , -- , -- , Right Handed Bat , Adelaide Strikers Women 
